id;search_date;request;respons
1;2024-04-03;how abnormally;scaffold resit leafy
2;2024-04-03;below whimsical;simulcast wisely
3;2024-04-03;gleefully oily barring;meanwhile happily alphabet
4;2024-04-03;beyond sketch prime;gadzooks clank ew
5;2024-04-02;around consequently;observation
6;2024-04-02;provided;around mmm phooey
7;2024-04-03;optimistically sorrowful;forked real
8;2024-04-03;duffel;unlike after whereas
9;2024-04-03;including;than pish excluding
10;2024-04-03;diluted prepare aggression;apud quarry stealthily
